YearMonth,ALLSKY_SFC_SW_DWN,PRECTOTCORR,T2M,T2MDEW,WS10M
199501,4.416,1.27,21.97,17.84,2.96
199502,5.825,0.0,25.26,18.71,3.44
199503,6.415,0.14,29.35,18.37,3.89
199504,6.8383,0.02,31.78,19.44,4.35
199505,5.7682,5.51,30.43,22.29,4.38
199506,5.2793,1.57,31.26,22.3,4.72
199507,4.2938,4.03,28.76,22.63,4.55
199508,4.8115,3.65,28.42,23.59,3.93
199509,4.5751,4.87,27.7,23.44,3.63
199510,4.3337,8.77,26.15,23.69,2.81
199511,5.0222,0.79,24.13,20.54,2.88
199512,4.8434,0.05,22.81,17.31,2.71
199513,5.1941,2.58,27.34,20.86,3.69
199601,5.0436,0.03,24.37,17.02,3.07
199602,5.5958,0.15,26.39,17.2,3.74
199603,6.4493,0.0,29.74,16.81,4.05
199604,6.2818,0.6,31.71,20.49,4.23
199605,6.4615,0.34,35.07,17.9,3.78
199606,5.184,8.48,29.73,23.19,4.43
199607,4.7189,4.19,28.25,23.06,4.84
199608,4.2874,4.68,27.89,23.25,4.2
199609,4.7422,3.38,27.56,23.87,2.93
199610,3.9437,9.29,25.97,23.43,3.41
199611,4.9445,1.18,23.75,19.76,2.98
199612,4.1491,1.52,22.47,17.81,3.25
199613,5.1461,2.83,27.74,20.32,3.74
199701,4.6231,1.03,22.79,16.43,3.01
199702,5.8553,0.0,25.8,15.98,3.22
199703,6.2498,0.22,29.84,17.09,3.85
199704,6.4666,1.23,30.84,19.89,4.26
199705,6.3103,0.35,34.52,18.11,4.38
199706,5.4288,1.58,32.65,20.33,4.82
199707,4.7657,5.26,29.43,22.52,5.77
199708,4.955,3.29,28.93,22.28,5.6
199709,4.8108,9.87,27.52,23.91,3.11
199710,4.919,2.11,26.83,22.84,2.49
199711,3.84,6.53,25.62,23.0,3.22
199712,3.786,3.4,24.1,21.41,3.25
199713,5.1622,2.91,28.25,20.34,3.92
199801,4.7299,0.28,24.18,19.5,3.13
199802,5.6014,0.1,26.95,18.89,3.7
199803,6.3509,0.0,30.34,19.77,4.4
199804,6.3799,0.28,32.43,20.66,4.94
199805,6.3506,0.1,35.52,19.98,4.74
199806,5.1312,2.08,32.3,21.88,4.8
199807,4.9224,3.47,29.78,22.85,4.57
199808,4.5734,4.87,28.53,24.05,3.63
199809,4.7474,6.89,27.85,24.15,3.29
199810,4.2456,7.15,26.2,23.55,2.95
199811,4.5384,3.33,24.39,21.53,2.82
199812,4.6471,0.09,21.18,16.52,2.68
199813,5.1814,2.4,28.31,21.12,3.8
199901,5.2682,0.01,22.74,15.78,2.6
199902,6.1651,0.14,26.76,17.07,3.25
199903,6.7733,0.0,30.59,16.98,3.7
199904,7.1412,0.12,32.61,18.85,3.71
199905,6.2719,0.85,32.65,21.25,4.2
199906,5.339,1.49,30.95,20.46,5.73
199907,5.1163,3.23,29.47,21.79,5.46
199908,4.8967,2.8,28.99,22.17,4.76
199909,5.3501,2.52,28.5,22.52,4.27
199910,4.5317,3.53,26.75,22.63,2.86
199911,4.8773,1.18,25.31,18.3,3.19
199912,4.8218,0.1,23.94,16.18,3.13
199913,5.5394,1.34,28.27,19.51,3.91
200001,5.1593,0.0,25.4,15.58,3.09
200002,5.0009,2.53,26.97,19.45,4.34
200003,6.7978,0.0,28.69,18.06,3.64
200004,7.1374,0.07,33.08,20.17,4.49
200005,6.3758,1.66,33.26,20.54,4.45
200006,4.7407,5.32,29.09,22.55,5.08
200007,4.9099,4.16,28.11,22.99,5.02
200008,4.4774,9.61,27.25,23.29,4.88
200009,5.5466,4.03,27.21,23.87,2.83
200010,4.8146,2.26,26.38,22.33,2.23
200011,4.5804,1.45,25.16,20.18,2.97
200012,4.693,0.65,23.16,16.83,2.69
200013,5.3532,2.64,27.81,20.48,3.81
200101,4.6481,0.06,24.59,15.67,2.77
200102,6.1171,0.0,27.17,14.54,3.16
200103,6.1966,0.21,30.19,18.75,4.08
200104,6.3859,3.38,30.25,21.37,4.12
200105,6.8066,0.37,34.64,19.71,4.9
200106,5.273,2.15,30.75,21.28,5.49
200107,4.7249,1.94,30.99,20.98,5.65
200108,4.9639,4.59,28.31,22.75,5.01
200109,4.9442,4.77,28.12,23.39,2.58
200110,4.6538,6.01,26.46,23.31,2.59
200111,4.417,2.26,24.78,21.32,3.42
200112,4.4299,1.21,22.87,17.38,2.86
200113,5.2906,2.25,28.27,20.06,3.89
200201,4.5874,1.27,23.54,18.14,3.36
200202,5.5399,0.01,25.91,17.0,3.46
200203,6.5203,0.1,29.72,18.19,4.23
200204,7.1225,0.03,32.16,20.18,4.84
200205,6.4572,1.07,34.95,20.2,5.12
200206,5.2836,1.71,30.99,22.58,4.63
200207,5.4379,1.74,31.26,21.11,5.86
200208,4.8314,5.41,28.86,22.58,5.07
200209,5.6422,1.3,29.33,22.46,3.02
200210,4.5254,8.57,26.44,22.9,2.76
200211,4.8182,1.94,23.96,19.69,2.72
200212,4.6726,0.75,23.22,17.72,2.46
200213,5.4497,2.02,28.37,20.24,3.97
200301,4.7465,0.07,23.95,17.51,3.0
200302,5.689,0.02,27.32,18.75,3.98
200303,6.2059,0.56,29.6,18.91,4.19
200304,6.9048,0.09,32.28,19.87,4.65
200305,6.4992,0.12,35.76,17.71,4.11
200306,5.7206,1.85,32.84,20.73,5.2
200307,4.3195,5.7,28.55,23.11,4.77
200308,4.6666,2.77,28.42,23.3,4.67
200309,5.1866,3.93,28.07,23.29,3.65
200310,4.6253,5.72,26.8,23.03,2.87
200311,4.841,0.39,24.57,19.89,2.68
200312,4.3699,3.23,22.98,17.36,3.34
200313,5.3076,2.06,28.43,20.29,3.92
200401,4.7952,0.38,23.3,17.34,3.18
200402,5.9107,0.03,26.09,16.24,3.14
200403,6.7219,0.12,29.83,17.55,3.87
200404,6.6151,0.81,32.57,20.64,4.39
200405,5.9626,2.58,30.68,23.12,4.35
200406,5.7185,1.75,30.6,21.86,5.4
200407,4.8394,3.76,28.83,22.6,4.62
200408,5.4158,1.76,29.7,22.05,5.57
200409,5.0484,4.77,28.31,23.4,2.67
200410,4.4462,4.9,26.44,22.74,3.04
200411,4.721,1.46,24.1,19.35,2.96
200412,4.8677,0.0,23.51,16.76,2.81
200413,5.418,1.87,27.83,20.32,3.84
200501,4.601,0.32,25.43,17.78,3.31
200502,5.9606,0.07,27.6,16.32,3.49
200503,6.4735,0.11,29.92,19.01,3.96
200504,6.3576,0.57,31.92,20.88,4.06
200505,6.3869,1.9,33.22,21.77,3.89
200506,5.5164,1.36,31.86,22.2,5.21
200507,4.6903,5.2,29.15,22.92,5.31
200508,5.1449,2.83,28.22,23.4,4.37
200509,4.7904,7.52,27.34,24.11,3.62
200510,3.7579,12.03,26.39,24.04,2.65
200511,4.7729,2.09,22.1,19.23,3.17
200512,4.2684,0.53,21.55,18.03,2.9
200513,5.2193,2.9,27.89,20.84,3.83
200601,5.125,0.01,22.57,16.51,2.42
200602,6.2515,0.0,25.61,15.24,2.73
200603,6.2309,0.81,29.42,19.06,3.57
200604,6.6038,0.96,32.05,20.0,3.74
200605,6.3425,1.28,32.48,22.6,4.14
200606,5.365,3.42,30.32,22.79,3.9
200607,4.9375,3.27,30.17,21.97,6.41
200608,5.2361,2.67,28.28,22.69,5.03
200609,5.0592,5.05,27.87,23.54,3.39
200610,4.9766,13.02,27.69,22.32,2.99
200611,4.3284,5.17,24.17,21.69,2.75
200612,4.3373,0.14,22.45,18.65,2.51
200613,5.393,3.0,27.77,20.62,3.64
200701,4.9121,0.0,23.16,17.36,2.58
200702,5.7002,0.16,25.7,17.37,3.45
200703,6.3962,0.0,29.37,18.5,3.97
200704,6.7042,0.33,31.67,20.52,4.36
200705,6.5287,0.55,34.85,19.35,4.57
200706,4.9104,7.74,30.01,23.39,4.69
200707,5.3362,6.24,28.32,23.63,4.57
200708,4.9481,5.09,27.46,23.83,4.35
200709,4.7242,5.01,26.93,24.24,3.83
200710,4.3334,6.37,25.23,21.88,3.01
200711,5.0767,0.63,23.15,19.08,2.63
200712,4.2377,0.38,23.3,18.09,3.05
200713,5.3138,2.72,27.44,20.62,3.76
200801,5.0724,0.0,23.65,16.61,2.97
200802,5.0321,1.31,26.32,18.92,3.23
200803,5.9309,3.26,28.16,18.52,3.44
200804,6.8417,0.04,31.1,20.12,3.4
200805,6.6,0.26,35.55,16.98,4.46
200806,5.1857,1.96,31.31,20.85,5.5
200807,5.1209,4.43,29.97,22.16,4.21
200808,4.8211,7.03,27.51,23.71,4.12
200809,5.1958,4.41,27.34,23.59,3.18
200810,5.1072,3.18,26.23,22.19,2.79
200811,4.0402,5.46,24.63,20.2,3.44
200812,4.5852,0.01,23.49,19.12,2.32
200813,5.2956,2.62,27.94,20.24,3.59
200901,4.8504,0.0,23.84,17.32,2.87
200902,5.9174,0.0,27.41,16.64,3.16
200903,6.2321,0.05,30.11,16.87,3.51
200904,6.7354,0.07,32.44,19.59,4.0
200905,6.4622,2.9,32.92,22.04,3.83
200906,6.072,2.63,30.49,22.38,5.33
200907,4.8631,1.62,30.49,21.38,6.69
200908,5.2438,6.12,29.64,22.45,4.1
200909,5.1708,5.39,28.0,24.11,3.45
200910,5.2973,0.9,27.0,21.33,2.64
200911,3.9638,5.79,25.12,21.87,2.92
200912,3.9125,0.77,23.45,18.94,2.87
200913,5.388,2.19,28.41,20.42,3.78
201001,4.4045,0.15,24.3,17.94,2.71
201002,5.6258,0.0,26.64,17.61,3.43
201003,6.0713,0.0,30.43,18.1,3.98
201004,6.7075,0.39,33.08,21.17,4.85
201005,6.1234,5.35,33.42,22.07,5.03
201006,5.447,3.16,30.42,23.14,4.36
201007,4.3625,7.08,28.03,23.39,4.93
201008,4.885,4.95,28.1,24.04,3.5
201009,4.747,7.33,27.2,24.14,3.14
201010,4.2802,6.29,26.53,23.61,2.79
201011,4.0478,4.4,25.25,23.04,3.19
201012,4.0927,1.82,21.73,18.42,3.18
201013,5.0597,3.43,27.93,21.4,3.76
201101,5.1691,0.0,21.99,16.99,2.79
201102,5.4674,0.97,25.23,18.01,3.18
201103,6.6797,0.0,28.99,17.39,3.51
201104,6.595,0.74,30.82,20.51,4.27
201105,6.4097,0.9,34.12,20.63,3.9
201106,5.7602,1.71,31.7,20.81,5.82
201107,5.0486,3.98,29.79,21.97,5.27
201108,4.9082,4.78,28.76,22.9,4.29
201109,5.3268,1.1,29.01,22.84,3.4
201110,4.6229,2.78,28.26,21.92,2.51
201111,4.6834,0.97,25.85,19.04,3.32
201112,4.2444,0.43,25.44,17.15,3.28
201113,5.4072,1.54,28.34,20.02,3.8
201201,4.9874,1.19,24.13,17.03,3.32
201202,5.7874,0.0,26.88,14.83,3.15
201203,6.5431,0.09,30.29,17.81,3.48
201204,6.5686,0.33,31.88,20.32,4.42
201205,6.2654,1.36,34.5,20.32,3.9
201206,5.6611,2.41,32.41,19.96,5.67
201207,4.6332,3.94,29.42,22.31,5.14
201208,5.2862,3.81,28.78,22.48,4.79
201209,5.0537,5.33,27.9,23.26,3.31
201210,4.902,6.03,26.04,22.06,3.01
201211,4.5137,4.3,23.69,20.3,2.87
201212,4.2646,0.18,23.36,18.62,3.02
201213,5.369,2.42,28.27,19.96,3.84
201301,4.745,0.0,24.69,17.63,2.88
201302,5.4336,1.9,26.01,17.22,3.15
201303,6.3257,0.0,29.02,17.58,3.86
201304,6.5086,1.3,31.6,20.39,4.46
201305,6.2458,0.5,34.33,20.66,4.85
201306,5.2937,3.31,30.12,22.11,5.3
201307,3.8494,4.23,28.81,22.07,6.13
201308,4.9128,6.82,28.02,23.13,4.27
201309,5.1276,4.33,27.24,23.83,3.06
201310,4.2449,10.08,26.53,23.65,3.04
201311,4.3286,2.01,23.92,20.92,3.02
201312,4.4448,0.0,22.01,17.14,3.08
201313,5.117,2.88,27.7,20.54,3.93
201401,4.374,0.0,23.73,17.82,2.94
201402,5.388,0.14,25.54,16.62,3.43
201403,5.862,0.14,29.31,16.66,3.56
201404,6.3674,0.03,32.42,18.61,3.96
201405,6.3338,1.38,32.8,21.74,4.03
201406,5.7874,0.54,33.92,20.48,5.49
201407,4.4561,4.07,30.55,21.77,6.11
201408,5.3573,3.63,28.95,22.78,4.22
201409,4.902,4.69,27.74,23.23,3.69
201410,4.8934,4.79,26.93,22.16,2.82
201411,4.2756,2.75,24.12,19.62,2.61
201412,4.0433,1.04,23.21,17.7,2.8
201413,5.1665,1.95,28.28,19.95,3.81
201501,4.764,0.05,23.41,15.49,2.66
201502,5.8836,0.0,25.74,15.7,3.32
201503,6.0098,0.04,29.25,18.1,3.54
201504,6.4596,0.78,31.19,20.25,4.34
201505,6.42,0.21,34.16,20.28,4.82
201506,4.5766,4.89,29.85,22.58,5.17
201507,5.8457,2.15,30.87,21.9,5.03
201508,5.135,4.45,29.22,23.09,4.02
201509,4.9344,3.32,28.49,23.32,2.86
201510,5.1444,1.64,28.39,21.77,2.58
201511,3.66,3.94,25.49,20.94,3.78
201512,4.5396,0.6,24.17,18.52,2.9
201513,5.2802,1.84,28.37,20.18,3.75
201601,4.5756,0.06,24.9,16.4,2.76
201602,5.6628,0.0,27.6,17.62,4.02
201603,6.1932,0.0,29.9,18.98,4.13
201604,7.1119,0.0,32.72,19.78,4.91
201605,5.9268,4.24,33.01,21.75,4.93
201606,4.9097,5.06,29.24,23.17,4.63
201607,4.9301,2.32,29.24,22.83,4.82
201608,5.2644,4.45,29.72,22.35,4.9
201609,4.2312,6.54,27.27,23.38,3.94
201610,5.2908,0.85,26.38,20.69,3.36
201611,4.9061,0.06,25.35,17.36,2.88
201612,4.2521,0.7,24.34,15.15,3.1
201613,5.269,2.02,28.31,19.96,4.03
201701,4.6296,0.0,25.13,15.68,2.65
201702,5.9712,0.0,26.78,15.6,2.88
201703,6.151,0.07,30.18,18.53,3.82
201704,6.2659,0.04,33.42,19.45,4.07
201705,6.2494,0.92,34.01,20.83,4.22
201706,5.0921,4.16,30.5,22.6,4.72
201707,4.9138,6.61,29.38,22.68,5.3
201708,4.4957,6.93,27.92,23.84,3.57
201709,4.7767,4.73,27.43,24.38,2.66
201710,4.8698,3.3,26.68,23.41,2.43
201711,4.3157,0.84,24.84,20.46,2.94
201712,4.5996,0.0,23.35,16.76,2.87
201713,5.1888,2.32,28.31,20.38,3.52
201801,4.7983,0.0,24.57,14.95,2.17
201802,5.7485,0.0,26.38,14.22,2.81
201803,6.023,0.06,29.91,16.96,3.44
201804,6.4985,0.83,31.94,20.86,4.24
201805,6.1418,0.59,32.8,22.42,4.35
201806,5.4996,2.8,31.11,21.81,4.87
201807,4.3025,3.53,29.96,21.67,5.87
201808,4.4275,5.48,28.74,22.34,5.87
201809,5.3479,2.17,28.61,22.68,2.9
201810,5.2368,0.8,28.16,20.61,2.97
201811,4.5535,1.18,26.97,19.57,3.04
201812,3.6749,1.66,24.67,17.81,3.26
201813,5.1799,1.6,28.66,19.69,3.82
201901,4.5005,0.63,23.55,15.88,2.94
201902,5.5358,0.13,27.02,17.68,3.43
201903,6.4973,0.17,30.31,18.64,4.12
201904,6.5875,0.5,32.36,19.77,4.42
201905,6.1613,0.67,34.5,20.75,4.53
201906,5.7065,2.96,32.62,21.91,4.48
201907,4.6063,5.36,30.0,22.84,4.86
201908,4.5653,5.16,28.52,23.36,5.06
201909,4.5218,7.01,27.66,24.02,3.81
201910,4.4059,7.92,26.52,24.1,2.45
201911,4.5461,0.4,24.83,21.73,2.91
201912,3.6451,0.52,23.72,19.83,3.33
201913,5.1005,2.64,28.47,20.89,3.86
202001,4.4359,0.95,24.6,19.11,3.07
202002,5.3842,0.27,26.3,17.97,3.54
202003,6.1766,0.17,29.63,18.54,3.89
202004,6.504,0.7,31.92,20.19,4.28
202005,6.4934,0.3,34.22,20.63,4.34
202006,5.2572,3.84,30.73,22.77,4.45
202007,4.938,7.25,28.34,24.05,3.53
202008,4.1722,4.49,27.84,24.27,4.67
202009,4.4582,8.77,27.33,24.48,3.44
202010,4.3867,4.02,26.58,23.67,2.63
202011,3.9461,7.61,24.85,22.28,3.64
202012,4.1503,0.18,22.35,18.78,2.86
202013,5.0232,3.21,27.89,21.4,3.69
